title,company,technologies
Senior Python Developer,Quantum,"['Python', 'UAV', 'GPS', 'GEO', 'PX4', 'Ardupilot']"
Senior Python Developer with AWS experience,Intetics,"['Python', 'AWS']"
Python Engineer,Yael Acceptic,"['Python', 'Django', 'AWS', 'Flask', 'SQL']"
Senior Software Engineer,Sombra,"['Python', 'Go']"
Python Developer,Zakaz.ua,"['Python3', 'aiohttp', 'GitlabCI/CD', 'web', 'API']"
Python developer,Yalantis,['–ê–Ω–≥–ª—ñ–π—Å—å–∫–∞:Upper-Intermediate']
Python Engineer,NONAME DIGITAL,"['Python', 'OpenCV', 'JSOUP']"
Senior Python Engineer                                    4000-7000,Lumen Global,"['Python', 'API', 'Linux', 'Agile', 'Scrum']"
Senior Python Backend Engineer (non-web development),Unit Group,['–ê–Ω–≥–ª—ñ–π—Å—å–∫–∞:Upper-Intermediate']
crawling/scraping expert in python and/or node.js,Competitoor,"['WebScrapping', 'DataScraping&Processing']"
Software Engineer - Python,Codify,"['Python', 'CI/CD', 'Docker']"
Team Leader- Python,Codify,"['AdvancedEnglish', 'REST', 'API', 'Python']"
Python developer for real time video analytics system,Transfotech,['–ê–Ω–≥–ª—ñ–π—Å—å–∫–∞:Advanced/Fluent']
Python Developer for EdTech company,Projector,['3—Ä–æ–∫–∏–¥–æ—Å–≤—ñ–¥—É']
Senior Full-Stack Engineer (Python+React),8allocate,"['Python', 'Python/Django', 'Django', 'FastAPI', 'Flask', 'React.js', 'GCP']"
Senior Full-Stack Engineer (Python + React),Growth Channel,"['Python/Django', 'React']"
We are looking for an experienced Senior Python Developer,United Ideas Solutions,['–ê–Ω–≥–ª—ñ–π—Å—å–∫–∞:Upper-Intermediate']
Junior Backend Engineer,Roches Noires Ventures,"['PostgreSQL', 'FastAPI', 'Django/Flask/Aiohttp/FastApi']"
Senior Full-Stack Engineer (Python + React),8allocate,"['Python', 'Python/Django', 'React.js', 'Azure']"
Senior Python Engineer,PLANEKS,"['Python', 'Selenium']"
–†–æ–∑—Ä–æ–±–Ω–∏–∫ Odoo/Python,Arixess,['2—Ä–æ–∫–∏–¥–æ—Å–≤—ñ–¥—É']
Quality Assurance Architect (Networking),PLVision,"['Architect', 'Python', 'Pytest', 'Linux', 'Networking', 'automation', 'L2/L3']"
Python developer,Arixess,['–ê–Ω–≥–ª—ñ–π—Å—å–∫–∞:Pre-Intermediate']
"Middle Fullstack Software Developer (Python, React)/ AI Enthusiast",Forex Tester Software Inc,['–ê–Ω–≥–ª—ñ–π—Å—å–∫–∞:Intermediate']
Middle/Senior Python Developer (Fast API)                                    2500-4000,ArchiCGI,['FastAPI']
Senior Full-Stack Engineer,8allocate,"['Python', 'React', 'AWS/Azure/GCP', 'FullStack']"
Middle Python developer,Northell,['–ê–Ω–≥–ª—ñ–π—Å—å–∫–∞:Upper-Intermediate']
Senior Python developer                                    3000-4500,Piligrim IT,"['Python', 'React/Redux/Next.js']"
Middle+ Python developer,Syntech Software,"['Python', 'Django', 'DjangoRestFramework', 'Unix']"
Backend Developer,JOIDY,"['Python', 'Django', 'AWSSQS', 'Golang']"
Middle Python developer,–£–∫—Ä–µ–Ω–µ—Ä–≥–æ —Ü–∏—Ñ—Ä–æ–≤—ñ —Ä—ñ—à–µ–Ω–Ω—è / Ukrenergo digital solutions,"['Flask', 'FastAPI', 'Django', 'PostgreSQL', 'SQL', 'PL/SQL']"
Senior Python Developer,Embedd,"['Python', 'ETL', 'PostgreSQL', 'regularexpresions', 'REXEP', 'Docker']"
Middle Python Engineer (experience with Selenium),PLANEKS,"['Python', 'Unittesting', 'Selenium']"
Senior Full-Stack Engineer (Vue or React + Python),Ralabs,"['Python/Django', 'Python', 'React', 'Vue', 'Celery', 'Django', 'SQL']"
Senior Python Backend Engineer (non-web development),MoveUp Recruitment agency,['–ê–Ω–≥–ª—ñ–π—Å—å–∫–∞:Upper-Intermediate']
Senior Back-End developer,JOIDY,"['Python', 'Django', 'Go', 'AWS']"
Python Developer,:DTeam,['–ê–Ω–≥–ª—ñ–π—Å—å–∫–∞:Intermediate']
Senior+/Lead Python Developer,ITernal Group,"['Python', 'FastAPI', 'RESTAPI', 'AWS']"
Middle Python Developer,Geniusee,['–ê–Ω–≥–ª—ñ–π—Å—å–∫–∞:Upper-Intermediate']
Back-End ‚Äî Python / Stock options at the startup                                    1000-4000,Custom Item,"['AWS', 'CI/CD', 'SQL', 'NoSQL', 'REST', 'Cache(redis)', 'RabbitMQ']"
Python Developer (MLOps \ Automation Engineering),GlobalLogic,"['Python', 'GoogleCloud', 'GCP', 'BigQuery']"
Middle data engineer (python),TheWhyKingz,['–ê–Ω–≥–ª—ñ–π—Å—å–∫–∞:Pre-Intermediate']
Back-End Engineer                                    1200-3500,inDev,"['Python', 'Go', 'gRPC', 'jitsi/jibri', 'ejabberd']"
Python/Django Engineer,Intobi,"['Python', 'Django', 'Docker', 'React']"
Mid/ Sen Python Developer                                    4000-5500,LINNU,"['Python', 'SQL', 'ArtificialIntelligence']"
Tech Lead (Python),MEGOGO,['5—Ä–æ–∫—ñ–≤–¥–æ—Å–≤—ñ–¥—É']
Data Engineer,Virtuace,"['Python', 'ETL', 'AWSS3/EC2', 'Linux', 'NoSQL']"
Python developer,Simloud,"['Python', 'Flask', 'Django', 'AWS']"
Python/Django Developer,Dataforest,"['Python', 'Python/Django', 'Django', 'SQL', 'AWS', 'Elasticsearch']"
Senior Python developer,Wise Engineering,"['Python', 'Django', 'MongoDB', 'AWS', 'GraphQL', 'ReactJS', 'TypeScript']"
Fullstack developer (React+Python),Starnavi,['–ê–Ω–≥–ª—ñ–π—Å—å–∫–∞:Upper-Intermediate']
"Senior Python Developer with AWS - work from Toronto, for candidates who are in Canada already",Luxoft,"['AWS', 'Terraform']"
Python Developer,ELVTR,['–ê–Ω–≥–ª—ñ–π—Å—å–∫–∞:Upper-Intermediate']
Full Stack Developer,Peppernode,"['Django', 'Python', 'React', 'JavaScript', 'AWS', 'Docker/DockerCompose']"
Python Developer,Cleveroad,['–ê–Ω–≥–ª—ñ–π—Å—å–∫–∞:Upper-Intermediate']
Python Voice Application Developer (Senior/Middle)                                –≤—ñ–¥ 2500,PERETZz.AGENCY,"['Python', 'DockerSwarm', 'Cloud', 'Linux']"
Python Developer,bymdev,"['Python3', 'Python', 'aiohttp']"
Frontend  Python developer,A.V.A. LTD,['–ê–Ω–≥–ª—ñ–π—Å—å–∫–∞:Intermediate']
Middle Python Engineer,ITExpert,"['python', 'fastapi', 'drf', 'flask']"
Senior Python Engineer,ITExpert,"['python', 'astapi', 'drf', 'flask', 'ML']"
Full-Stack Developer (Python+Angular),JOIDY,"['Python', 'Angular']"
Python Developer (GPT + Llama-Index/Langchain)                                    3000-5000,Lumiere Tech,"['Python', 'ChatGPT', 'langchain', 'llama-index', 'machinelearning', 'DataScience/MachineLearning']"
Python Engineer,Intobi,"['Python', 'Python/Django', 'React']"
Junior Backend Developer (Python + Django),Devsteam.cloud,"['Python', 'Backenddevelopment', 'Django']"
"Full Stack Engineer with proven skills in Python, SQL, and Javascript                                    2500-3200",Codemotion,['–ê–Ω–≥–ª—ñ–π—Å—å–∫–∞:Advanced/Fluent']
Data Engineer / ETL developer (DB/BI)                                    2000-3000,LvivSoft,"['ETL', 'Python', 'Docker']"
Senior Python engineer (with DevOps experience),Luxoft,"['DevOps', 'CI/CD']"
Senior Python engineer (with DevOps experience),Luxoft,['–ê–Ω–≥–ª—ñ–π—Å—å–∫–∞:Upper-Intermediate']
Senior Python engineer (with DevOps experience),Luxoft,['–ê–Ω–≥–ª—ñ–π—Å—å–∫–∞:Upper-Intermediate']
Middle+/Senior Python Developer,TerraForce Software,"['Python', 'Flask', 'Django']"
Senior Python Developer,DataArt,['Python']
Middle/Middle+ Python Developer,WeSoftYou,"['Python', 'AWS', 'DjangoREST', 'SQL/SQLite/MySQL/PostgreSQL/SQLAlchemy', 'Docker', 'LangChain']"
Senior Full Stack (Python/React) Developer,Proffiz,"['Python', 'React', 'AWS']"
Machine Learning Engineer,Intelliarts,['MachineLearning']
Python software engineer,Logivations,"['MachineLearning', 'Python']"
Python developer,Miteyda,['–ê–Ω–≥–ª—ñ–π—Å—å–∫–∞:Upper-Intermediate']
Senior Python Developer (IRC191903),GlobalLogic,['–ê–Ω–≥–ª—ñ–π—Å—å–∫–∞:Upper-Intermediate']
Python developer for global product (audit and assurance company BIG FOUR),Deloitte,['–ê–Ω–≥–ª—ñ–π—Å—å–∫–∞:Upper-Intermediate']
Middle Python Full-stack Developer,JOIDY,"['Python', 'Flask', 'Django', 'JavaScript', 'React']"
Senior Python developer,promdex,"['Python', 'Python3']"
Senior BackEnd Python (Django) Developer,Fluvius,"['Django', 'Python']"
Senior Python engineer (with DevOps experience),Luxoft,"['Python', 'Kubernetes', 'CI/CD', 'DevOps', 'Git']"
Junior Python Developer in Test (CSA),Ajax Systems,['–ë–µ–∑–¥–æ—Å–≤—ñ–¥—É']
Tech Lead (Python),1touch,['–ê–Ω–≥–ª—ñ–π—Å—å–∫–∞:Pre-Intermediate']
Python developer,Peppernode,"['Django', 'DRF', 'AWS', 'Docker', 'FastAPI', 'Flask', 'Python']"
Looking for a Django expert,New Wave Devs,"['Django', 'Python']"
Senior Python Engineer,promdex,"['AWS', 'Python', 'Python3']"
Middle Python developer                                    1600-2200,Mornhouse,"['Python', 'Django', 'RESTAPI', 'Pandas', 'Nginx']"
Middle Django developer,PLANEKS,"['Python', 'Django', 'DjangoRestFramework', 'Flask', 'FastAPI']"
Senior Python engineer (with DevOps experience),Luxoft,['–ê–Ω–≥–ª—ñ–π—Å—å–∫–∞:Upper-Intermediate']
Middle/Senior Python Developer,Newxel,"['Python', 'AWS', 'MySQL/PostgreSQL/MongoDB', 'databases', 'Docker/DockerCompose', 'Kubernetes', 'Linux']"
Data Scientist,Indigo - Tech Recruiters,['–ê–Ω–≥–ª—ñ–π—Å—å–∫–∞:Advanced/Fluent']
Senior Python Engineer,Yael Acceptic,"['Python', 'Flask', 'React', 'jQuery', 'HTML&CSS', 'Git']"
Odoo Developer (Middle/Senior),Evo Mall,['Odoo']
Backend Developer                                –¥–æ 2000,eFrontiers,['–ê–Ω–≥–ª—ñ–π—Å—å–∫–∞:Upper-Intermediate']
Python Developer,Yael Acceptic,"['Python', 'AWS', 'Django/Flask/Aiohttp/FastApi', 'Docker', 'SQL']"
Senior Backend Developer for ML/CV Project                                    3500-4000,COXIT,"['Backenddevelopment', 'Python', 'Node.js']"
Junior/Middle Python Developer (with C++ knowledge),ModuleWorks,"['Python', 'C++']"
Python Developer (AdTech),Sigma Software,"['Python', 'Django', 'Flask']"
Middle Python Developer,WeSoftYou,"['Python', 'Django']"
Senior Python engineer (with DevOps experience),Luxoft,"['Kubernetes(1+years)', 'CI/CD', 'Git']"
Senior Python Engineer,MintyMint,"['asyncio', 'MongoDB', 'REST', 'JSON', 'unittest', 'Agile/Scrum', 'nonweb']"
Senior Backend Engineer,nOps,"['AWS', 'Kubernetes', 'DataEngineering', 'Microservices']"
Python Developer                                    2000-4000,PIN-UP Global,"['HTML/CSS', 'HTML/CSS/JavaScript/TypeScript', 'Python/Django']"
Senior Python Engineer (Flask),Langate,"['Flask', 'Pandas', 'Python', 'MSSQL']"
Middle or Senior Python Engineer (development from scratch),ITExpert,"['Django/Flask/Aiohttp/FastApi', 'Flask', 'FastAPI', 'Python']"
Middle Quantitative Researcher,Indigo - Tech Recruiters,['–ê–Ω–≥–ª—ñ–π—Å—å–∫–∞:Advanced/Fluent']
Trainee/Junior Python Developer,Inforce,['–ê–Ω–≥–ª—ñ–π—Å—å–∫–∞:Upper-Intermediate']
Full-stack Engineer (Python+React.js),1648 Factory,['–ê–Ω–≥–ª—ñ–π—Å—å–∫–∞:Upper-Intermediate']
Python Developer (Data engineering),Dataforest,"['ETL', 'Python', 'Elasticsearch', 'SQL', 'Kafka', 'AWS', 'ApacheAirflow']"
Python developer,Project Ukraine,['Python']
Senior Python Developer (Flask),Starnavi,"['Flask', 'Python', 'SQLAlchemy', 'Docker', 'Kubernetes', 'AWS']"
Middle+/Senior Python Developer,WeSoftYou,"['Python', 'AWSDynamoDB', 'AWSLambda', 'GraphQL', 'React.js', 'Next.js']"
Low Code Developer,Metinvest Digital,"['LowCodeDeveloper', 'PowerPlatformDeveloper', 'Python', 'PowerAutomate', 'Azure']"
Middle Python Developer,Leadsdoit,['–ê–Ω–≥–ª—ñ–π—Å—å–∫–∞:Intermediate']
Python Fullstack Developer,Plexteq,['–ê–Ω–≥–ª—ñ–π—Å—å–∫–∞:Intermediate']
Senior Python Developer,Ixilix,"['Python', 'Unittesting', 'MariaDB', 'SQLAlchemy', 'Kafka', 'Redis', 'Docker']"
Python Developer,AUTODOC,['2—Ä–æ–∫–∏–¥–æ—Å–≤—ñ–¥—É']
Python / Data Engineer,Reface,['–ê–Ω–≥–ª—ñ–π—Å—å–∫–∞:Upper-Intermediate']
Senior Python Engineer,GlobalLogic,"['Python', 'AWSAurora', 'AmazonRelationalDatabaseService(RDS)', 'Microservices', 'ETL', 'AmazonAWS']"
Middle Python Django Developer                                    2000-4000,Polytech Software,"['Django', 'AWS', 'SQL']"
Python/Django                                    1500-3000,Perlyna Devs,"['Python', 'Django', 'DjangoRestFramework', 'Go']"
Python developer,A.V.A. LTD,['–ê–Ω–≥–ª—ñ–π—Å—å–∫–∞:Intermediate']
Middle+ Python Software Engineer,EVO,['5—Ä–æ–∫—ñ–≤–¥–æ—Å–≤—ñ–¥—É']
Python Developer,Dataforest,"['python', 'scraping', 'SQL/NoSQL', 'BeautifulSoup']"
"Full Stack Engineer (Python, JavaScript)",Particles Global,['–ê–Ω–≥–ª—ñ–π—Å—å–∫–∞:Advanced/Fluent']
Senior Python Backend Engineer,Develux,"['Python', 'Django', 'PostgreSQL', 'Elasticsearch', 'AWS']"
Full-stack (Python+React) Engineer,ELITEX,"['Python', 'React', 'JavaScript/Typescript', 'AWS:Lambda', 'ECS', 'Docker']"
Software Engineer (Python),SPS Commerce,['–ê–Ω–≥–ª—ñ–π—Å—å–∫–∞:Intermediate']
Python Fullstack Developer,Plexteq,['–ê–Ω–≥–ª—ñ–π—Å—å–∫–∞:Intermediate']
Senior Python Developer                                    4000-6000,Teramind,"['python', 'ML']"
Middle Python Fullstack Developer,Plexteq,['–ê–Ω–≥–ª—ñ–π—Å—å–∫–∞:Upper-Intermediate']
Backend Developer (Python/PostgreSQL),Graintrack,"['SaaS', 'JavaScript', 'DjangoREST', 'Django', 'Django/Flask/Aiohttp/FastApi']"
Senior Python Developer,Quintagroup,"['Python', 'Django/Python']"
Odoo —Ä–æ–∑—Ä–æ–±–Ω–∏–∫ –≤ –ø—Ä–æ–µ–∫—Ç –ª–æ–º–±–∞—Ä–¥—É                                    2000-5000,Deal Zone,"['odoo', 'Python']"
Python developer,Project Ukraine,"['Python', 'Python3.8+', 'Django', 'PostgreSQL', 'RESTapi']"
Middle Python Developer,COMPARUS UA,['–ê–Ω–≥–ª—ñ–π—Å—å–∫–∞:Intermediate']
Data Scientist,Simplify,"['Sota', 'PyTorch', 'OpenCV', 'tensorrt']"
Full Stack Developer (Python+React),Trust-Sourcing,['–ê–Ω–≥–ª—ñ–π—Å—å–∫–∞:Upper-Intermediate']
Senior Python Backend Engineer,Develux,['–ê–Ω–≥–ª—ñ–π—Å—å–∫–∞:Intermediate']
Senior Python Engineer,ITExpert,"['Python', 'MachineLearning', 'DataScience/MachineLearning']"
Odoo Engineer                                –≤—ñ–¥ 3000,at Apexive,"['odoo', 'Python']"
Python Developer                                –≤—ñ–¥ 3000,Mindecs,"['Python', 'AWS', 'Terraform', 'Linux', 'Jenkins']"
Team Lead Python 5+years,itsoft,['–ê–Ω–≥–ª—ñ–π—Å—å–∫–∞:Advanced/Fluent']
Python developer,WebCap Digitals,"['Python', 'CRM']"
Team Lead Python Developer,Timelycode,['–ê–Ω–≥–ª—ñ–π—Å—å–∫–∞:Upper-Intermediate']
Full-Stack Software Engineer at a Podcasting Startup                                    6000,Rephonic,"['Python', 'JavaScript', 'Next.js', 'React', 'Django']"
Strong Middle Full-Stack Developer (Python+Vue)                                    5000,A-LISTWARE,['–ê–Ω–≥–ª—ñ–π—Å—å–∫–∞:Upper-Intermediate']
Python Developer,Repetry,['–ê–Ω–≥–ª—ñ–π—Å—å–∫–∞:Upper-Intermediate']
Back-End/ Full-Stack Developer (Django),Vista Auction,"['DjangoRestFramework', 'Backenddevelopment', 'Full-stackWebDevelopment']"
Senior Python developer,Langate,['–ê–Ω–≥–ª—ñ–π—Å—å–∫–∞:Upper-Intermediate']
Middle Full Stack Python Developer,Perfsol,"['Python', 'Django', 'Angular.js', 'PostgreSQL']"
Senior Python Developer                                    3500-5000,Software Rocket,"['Python', 'Django', 'AWS']"
Senior ML Engineer,ITExpert,"['MachineLearning', 'Python', 'DataScience', 'quantitativeresearch', 'time-series', 'tabulardata']"
Senior Python Engineer (LLMs Integration),Unillence,['–ê–Ω–≥–ª—ñ–π—Å—å–∫–∞:Upper-Intermediate']
Tech Lead Full-stack Engineer (JS/Python)                                    4000-5500,Softengi,"['Python', 'Django', 'JavaScript', 'NoSQL', 'MongoDB', 'SQL', 'XR/VR/AR']"
Full Stack Python Developer,MaybeWorksüá∫üá¶,['–ê–Ω–≥–ª—ñ–π—Å—å–∫–∞:Upper-Intermediate']
Python Developer / Data Analyst for a software product related to solar energy,Virtuous-Re GmbH,['–ê–Ω–≥–ª—ñ–π—Å—å–∫–∞:Upper-Intermediate']
Senior Full Stack Developer,Proffiz,"['Python', 'React']"
Python (Django) Team Lead,Dataforest,"['ETL', 'Python', 'Python/Django', 'DjangoRestFramework', 'SQL/NoSQL', 'Celery']"
Middle Python Computer Vision Engineer / Backend engineer in UAV Product,REINDORF,"['Python', 'OpenCV', 'Tensorflow']"
Senior Python Engineer,TEDDY,"['DjangoRESTAPI', 'Django']"
Middle Python Developer,Dataforest,"['Pythonscripting', 'Python', 'webscraping']"
Odoo Engineer,OpsWay,"['Odoo', 'Python', 'JavaScript', 'Docker/DockerCompose', 'PostgreSQL', 'OWL', 'XML']"
Python Developer in Europe only,Meduzzen,"['Python', 'API', 'Selenium']"
Senior Python Developer,Simloud,"['Python', 'AWS', 'Flask', 'Azure']"
Team Lead Python developer,Academy SMART,['–ê–Ω–≥–ª—ñ–π—Å—å–∫–∞:Upper-Intermediate']
"Senior FullStack Developer (React,TypeScript and Python)",Apriorit,"['ReactNative', 'Python', 'TypeScript', 'Full-stackWebDevelopment', 'fullstack']"
Python Software Engineer (Zakupki.Prom),EVO,['1—Ä—ñ–∫–¥–æ—Å–≤—ñ–¥—É']
Senior Full-Stack Developer (Python/React),Infopulse,['–ê–Ω–≥–ª—ñ–π—Å—å–∫–∞:Intermediate']
Senior Python Backend Developer,MoveUp Recruitment agency,"['Python', 'SWdesign', 'Kubernetes', 'Docker', 'Microservices', 'CI/CD', 'AWS']"
Middle Python Developer,Uvik Software,['–ê–Ω–≥–ª—ñ–π—Å—å–∫–∞:Intermediate']
Middle  Software Developer,Bidsbee,"['Rust', 'Golang/Go', 'Python', 'QuantResearchers', 'web3', 'API', 'BlockchainandCryptocurrency']"
Middle/Senior Python Developer,GEO Pay,"['Redis', 'Python', 'Celery', 'Django', 'PostgreSQL']"
Tech Lead/Principal Engineer/Architect,VPteam,"['Python', 'AWS', 'AI', 'Microservicearchitecture', 'High-load', 'BigData']"
Back End Developer,Nashpush,"['back-end', 'Backenddevelopment', 'Python', 'Python/Django', 'Django']"
Python Team Lead,PLANEKS,"['Python', 'Django', 'TeamLead', 'CI/CD', 'Flask', 'MongoDB']"
Python Architect/Developer                                –¥–æ 5500,Argument,"['Python', 'PostgreSQL', 'SQL']"
"Software Engineer (Python/Django, TypeScript/Vue)                                –≤—ñ–¥ 4000",mojob,"['Python', 'Django', 'JavaScript', 'Vue.js', 'MachineLearning']"
Senior Software Engineer (Python),Indigo - Tech Recruiters,"['Docker', 'REST', 'PostgreSQL', 'NegotiationandCommunication']"
Strong Junior Python Developer,UnameIT,"['Python', 'Electronics']"
Middle Data/Python Engineer,Ralabs,"['Clickdata', 'PowerBI', 'Python']"
Senior Python Developer,Numerical Technologies,['–ê–Ω–≥–ª—ñ–π—Å—å–∫–∞:Upper-Intermediate']
python developer for algorithmic trading project,NATS,"['Python', 'Django', 'PostgreSQL', 'RabbitMQ', 'multiprocessing', 'threading', 'asyncio']"
Full Stack (Python+Vue.js) developer,Academy SMART,['–ê–Ω–≥–ª—ñ–π—Å—å–∫–∞:Upper-Intermediate']
Middle Back-End Developer,Qubstudio,"['Django', 'Celery', 'Redis', 'RESTAPI', 'Fintech']"
Senior Full-Stack Developer,TheAppSolutions,"['Python', 'Flask', 'React', 'AWS']"
AI Developer,Sweetcode Lab,"['javascript', 'node', 'GPT', 'Llama2', 'elevenlabs', 'react', 'Python']"
Senior Backend Engineer,TheAppSolutions,"['Python', 'Flask', 'Django/Flask/Aiohttp/FastApi', 'AWS']"
Python (Django) developer                                    500-2000,SheepFish,"['Python', 'Django', 'APIREST']"
Python Developer - work from Wroclaw or Krakow,Luxoft,['–ê–Ω–≥–ª—ñ–π—Å—å–∫–∞:Upper-Intermediate']
Python Software Engineer,Dataforest,"['FastAPI', 'aws', 'sql', 'postgres', 'redis', 'NoSQL', 'CI/CD']"
Senior Python Developers with GIS,SoloWay Technologies,['Python']
"Senior Full Stack Developer (React, Python)",LightTeam,"['Python', 'React.js', 'NextJS', 'Next.js', 'JavaScript/TypeScript', 'Flask', 'Django']"
Sr Python Engineer,Zaly,"['Python', 'PostgreSQL', 'KnowledgeofSQL', 'highload']"
Full Stack (Python+Vue.js) Developer,Academy SMART,"['Python', 'Vue.js']"
AI Developer - Computer Vision Specialist,Piovis,"['ComputerVision', 'JavaScript', 'XML']"
Senior Python BackEnd Engineer,VeryBusy Recruiting,"['Python', 'Flask', 'Python3', 'asyncio', 'Go', 'FastAPI']"
Senior Python Developer,Simplify,"['GIS', 'PyGEOS', 'numpy', 'JupyterNotebook', 'AWSS3']"
Team Lead,Quintagroup,"['python', 'pyspark', 'athena', 'awsglue', 'AWSLambda']"
Senior Python Developer (Django),Quintagroup,"['python', 'django', 'DjangoRestFramework']"
Senior Python developer with GIS experience,Kozak Agency,['–ê–Ω–≥–ª—ñ–π—Å—å–∫–∞:Upper-Intermediate']
Raspberry PI developer with camera stream experience,PUSHIT,"['C', 'C/C++', 'C++', 'RaspberryPI', 'Python3', 'Python', 'rtsp']"
Senior Back-End Developer,JetOffice,"['KotIin', 'Python', 'Node.js', 'Java', 'Backenddevelopment', 'back-end', 'AI']"
IoT developer  (LoRaWAN),Quintagroup,"['LoraWAN', 'Lora', 'Python']"
Senior Software Engineer (IoT),Quintagroup,"['Modbus', 'OPCUA', 'OPCUA', 'mqtt', 'LoRaWAN']"
Senior Python Developer in ML/Data project,DataRoot Labs,"['Python', 'ApacheFlink', 'ApacheSpark', 'ApacheKafka', 'MachineLearning']"
Python Developer in ML/Data project,DataRoot Labs,"['Python', 'ApacheFlink', 'ApacheKafka', 'MachineLearning', 'ApacheSpark']"
Senior Machine Learning Engineer video                                    5000-7997,ITLab Studio,['MachineLearningEngineer']
Python Team Lead,Simplify,"['GIS', 'PyGEOS', 'numpy', 'JupyterNotebook', 'S3', 'GoogleSheets']"
Machine Learning Engineer                                    5000-8000,ITLab Studio,['–ê–Ω–≥–ª—ñ–π—Å—å–∫–∞:Upper-Intermediate']
Middle Python Developer (Automation Team),Ajax Systems,['–ê–Ω–≥–ª—ñ–π—Å—å–∫–∞:Intermediate']
Senior Python Developer,Ajax Systems,['–ê–Ω–≥–ª—ñ–π—Å—å–∫–∞:Pre-Intermediate']
FullStack Python Tech Lead (residence in Romania is mandatory),Luxoft,['–ê–Ω–≥–ª—ñ–π—Å—å–∫–∞:Upper-Intermediate']
Lead Python Developer,Sloboda studio,"['Python3', 'JavaScript', 'Langchain', 'NLPmodels', 'AI']"
Python (Django) Developer,PLANEKS,"['Django', 'PostgreSQL', 'MongoDB', 'Celery', 'Redis', 'DjangoORM', 'DjangoRestFramework']"
Senior Python Developer,KISS Software,['3—Ä–æ–∫–∏–¥–æ—Å–≤—ñ–¥—É']
Team Lead / Solutions Architect (Python/React ),TEDDY,['–ê–Ω–≥–ª—ñ–π—Å—å–∫–∞:Upper-Intermediate']
FullStack Developer (Python + React or Angular),DataArt,"['ReactJS', 'AngularJS', 'Python']"
